typeCode,freqCode,refPeriodId,refYear,refMonth,period,reporterCode,reporterISO,reporterDesc,flowCode,flowDesc,partnerCode,partnerISO,partnerDesc,partner2Code,partner2ISO,partner2Desc,classificationCode,classificationSearchCode,isOriginalClassification,cmdCode,cmdDesc,aggrLevel,isLeaf,customsCode,customsDesc,mosCode,motCode,motDesc,qtyUnitCode,qtyUnitAbbr,qty,isQtyEstimated,altQtyUnitCode,altQtyUnitAbbr,altQty,isAltQtyEstimated,netWgt,isNetWgtEstimated,grossWgt,isGrossWgtEstimated,cifvalue,fobvalue,primaryValue,legacyEstimationFlag,isReported,isAggregate
"C","A","20240101","2024","52","2024","31","AZE","Azerbaijan","M","Import","0","W00","World","0","W00","World","H6","HS","true","TOTAL","All Commodities","0","false","C00","TOTAL CPC","0","0","TOTAL MOT","-1","N/A","0","false","-1","N/A","0","false",,"false","0","false","21054831458.23",,"21054831458.23","0","false","true",
"C","A","20240101","2024","52","2024","31","AZE","Azerbaijan","X","Export","0","W00","World","0","W00","World","H6","HS","true","TOTAL","All Commodities","0","false","C00","TOTAL CPC","0","0","TOTAL MOT","-1","N/A","0","false","-1","N/A","0","false",,"false","0","false",,"26554056764.78","26554056764.78","0","false","true",
"C","A","20240101","2024","52","2024","32","ARG","Argentina","M","Import","0","W00","World","0","W00","World","H6","HS","true","TOTAL","All Commodities","0","false","C00","TOTAL CPC","0","0","TOTAL MOT","-1","N/A","0","false","-1","N/A","0","false",,"false","0","false","60821818831.17","57399988732.03","60821818831.17","0","false","true",
"C","A","20240101","2024","52","2024","32","ARG","Argentina","X","Export","0","W00","World","0","W00","World","H6","HS","true","TOTAL","All Commodities","0","false","C00","TOTAL CPC","0","0","TOTAL MOT","-1","N/A","0","false","-1","N/A","0","false","0","false","0","false",,"79720582571.83","79720582571.83","0","false","true",
"C","A","20240101","2024","52","2024","36","AUS","Australia","M","Import","0","W00","World","0","W00","World","H6","HS","true","TOTAL","All Commodities","0","false","C00","TOTAL CPC","0","0","TOTAL MOT","-1","N/A","0","false","-1","N/A","0","false",,"false","0","false","296481761665.157","283825042883.683","296481761665.157","0","false","true",
"C","A","20240101","2024","52","2024","36","AUS","Australia","X","Export","0","W00","World","0","W00","World","H6","HS","true","TOTAL","All Commodities","0","false","C00","TOTAL CPC","0","0","TOTAL MOT","-1","N/A","0","false","-1","N/A","0","false",,"false","0","false",,"340854851740.669","340854851740.669","0","false","true",
"C","A","20240101","2024","52","2024","51","ARM","Armenia","M","Import","0","W00","World","0","W00","World","H6","HS","true","TOTAL","All Commodities","0","false","C00","TOTAL CPC","0","0","TOTAL MOT","-1","N/A","0","false","-1","N/A","0","false","0","true","0","false","16803221032.392",,"16803221032.392","4","false","true",
"C","A","20240101","2024","52","2024","51","ARM","Armenia","X","Export","0","W00","World","0","W00","World","H6","HS","true","TOTAL","All Commodities","0","false","C00","TOTAL CPC","0","0","TOTAL MOT","-1","N/A","0","false","-1","N/A","0","false","0","true","0","false",,"13028124239.824","13028124239.824","4","false","true",
"C","A","20240101","2024","52","2024","52","BRB","Barbados","M","Import","0","W00","World","0","W00","World","H6","HS","true","TOTAL","All Commodities","0","false","C00","TOTAL CPC","0","0","TOTAL MOT","-1","N/A","0","false","-1","N/A","0","false","0","true","0","false","2164607918.5",,"2164607918.5","4","false","true",
"C","A","20240101","2024","52","2024","52","BRB","Barbados","X","Export","0","W00","World","0","W00","World","H6","HS","true","TOTAL","All Commodities","0","false","C00","TOTAL CPC","0","0","TOTAL MOT","-1","N/A","0","false","-1","N/A","0","false","0","true","0","false",,"493999171","493999171","4","false","true",
"C","A","20240101","2024","52","2024","56","BEL","Belgium","M","Import","0","W00","World","0","W00","World","H6","HS","true","TOTAL","All Commodities","0","false","C00","TOTAL CPC","0","0","TOTAL MOT","-1","N/A","0","false","-1","N/A","0","false","0","true","0","false","366891326617.327",,"366891326617.327","4","false","true",
"C","A","20240101","2024","52","2024","56","BEL","Belgium","X","Export","0","W00","World","0","W00","World","H6","HS","true","TOTAL","All Commodities","0","false","C00","TOTAL CPC","0","0","TOTAL MOT","-1","N/A","0","false","-1","N/A","0","false","0","true","0","false",,"377265064130.373","377265064130.373","4","false","true",
"C","A","20240101","2024","52","2024","68","BOL","Bolivia (Plurinational State of)","M","Import","0","W00","World","0","W00","World","H6","HS","true","TOTAL","All Commodities","0","false","C00","TOTAL CPC","0","0","TOTAL MOT","-1","N/A","0","false","-1","N/A","0","false",,"false","0","false","9903830798","9192163213","9903830798","0","false","true",
"C","A","20240101","2024","52","2024","68","BOL","Bolivia (Plurinational State of)","X","Export","0","W00","World","0","W00","World","H6","HS","true","TOTAL","All Commodities","0","false","C00","TOTAL CPC","0","0","TOTAL MOT","-1","N/A","0","false","-1","N/A","0","false",,"false","0","false",,"9059167409.43","9059167409.43","0","false","true",
"C","A","20240101","2024","52","2024","76","BRA","Brazil","M","Import","0","W00","World","0","W00","World","H6","HS","true","TOTAL","All Commodities","0","false","C00","TOTAL CPC","0","0","TOTAL MOT","-1","N/A","0","false","-1","N/A","0","false",,"false","0","false","277549212918","262484121511","277549212918","0","false","true",
"C","A","20240101","2024","52","2024","76","BRA","Brazil","X","Export","0","W00","World","0","W00","World","H6","HS","true","TOTAL","All Commodities","0","false","C00","TOTAL CPC","0","0","TOTAL MOT","-1","N/A","0","false","-1","N/A","0","false","0","true","0","false",,"337036275422","337036275422","4","false","true",
"C","A","20240101","2024","52","2024","84","BLZ","Belize","M","Import","0","W00","World","0","W00","World","H6","HS","true","TOTAL","All Commodities","0","false","C00","TOTAL CPC","0","0","TOTAL MOT","-1","N/A","0","false","-1","N/A","0","false","0","true","0","false","1454557674.57",,"1454557674.57","4","false","true",
"C","A","20240101","2024","52","2024","84","BLZ","Belize","X","Export","0","W00","World","0","W00","World","H6","HS","true","TOTAL","All Commodities","0","false","C00","TOTAL CPC","0","0","TOTAL MOT","-1","N/A","0","false","-1","N/A","0","false","0","true","0","false",,"282983455.885","282983455.885","4","false","true",
"C","A","20240101","2024","52","2024","104","MMR","Myanmar","M","Import","0","W00","World","0","W00","World","H6","HS","true","TOTAL","All Commodities","0","false","C00","TOTAL CPC","0","0","TOTAL MOT","-1","N/A","0","false","-1","N/A","0","false",,"false","0","false","12452129194.946",,"12452129194.946","0","false","true",
"C","A","20240101","2024","52","2024","104","MMR","Myanmar","X","Export","0","W00","World","0","W00","World","H6","HS","true","TOTAL","All Commodities","0","false","C00","TOTAL CPC","0","0","TOTAL MOT","-1","N/A","0","false","-1","N/A","0","false",,"false","0","false",,"14923806107.674","14923806107.674","0","false","true",
"C","A","20240101","2024","52","2024","124","CAN","Canada","M","Import","0","W00","World","0","W00","World","H6","HS","true","TOTAL","All Commodities","0","false","C00","TOTAL CPC","0","0","TOTAL MOT","-1","N/A","0","false","-1","N/A","0","false",,"false","0","false",,"554115984384.76","554115984384.76","0","false","true",
"C","A","20240101","2024","52","2024","124","CAN","Canada","X","Export","0","W00","World","0","W00","World","H6","HS","true","TOTAL","All Commodities","0","false","C00","TOTAL CPC","0","0","TOTAL MOT","-1","N/A","0","false","-1","N/A","0","false",,"false","0","false",,"568232668966.079","568232668966.079","0","false","true",
"C","A","20240101","2024","52","2024","203","CZE","Czechia","M","Import","0","W00","World","0","W00","World","H6","HS","true","TOTAL","All Commodities","0","false","C00","TOTAL CPC","0","0","TOTAL MOT","-1","N/A","0","false","-1","N/A","0","false",,"false","0","false","229396961967","222515280257","229396961967","0","false","true",
"C","A","20240101","2024","52","2024","203","CZE","Czechia","X","Export","0","W00","World","0","W00","World","H6","HS","true","TOTAL","All Commodities","0","false","C00","TOTAL CPC","0","0","TOTAL MOT","-1","N/A","0","false","-1","N/A","0","false",,"false","0","false",,"259292432445","259292432445","0","false","true",
"C","A","20240101","2024","52","2024","208","DNK","Denmark","M","Import","0","W00","World","0","W00","World","H6","HS","true","TOTAL","All Commodities","0","false","C00","TOTAL CPC","0","0","TOTAL MOT","-1","N/A","0","false","-1","N/A","0","false","0","true","0","false","121792391822.156",,"121792391822.156","4","false","true",
"C","A","20240101","2024","52","2024","208","DNK","Denmark","X","Export","0","W00","World","0","W00","World","H6","HS","true","TOTAL","All Commodities","0","false","C00","TOTAL CPC","0","0","TOTAL MOT","-1","N/A","0","false","-1","N/A","0","false","0","true","0","false",,"133654777695.077","133654777695.077","4","false","true",
"C","A","20240101","2024","52","2024","214","DOM","Dominican Rep.","M","Import","0","W00","World","0","W00","World","H6","HS","true","TOTAL","All Commodities","0","false","C00","TOTAL CPC","0","0","TOTAL MOT","-1","N/A","0","false","-1","N/A","0","false",,"false","0","false","32692547490.514","29969628452.428","32692547490.514","0","false","true",
"C","A","20240101","2024","52","2024","214","DOM","Dominican Rep.","X","Export","0","W00","World","0","W00","World","H6","HS","true","TOTAL","All Commodities","0","false","C00","TOTAL CPC","0","0","TOTAL MOT","-1","N/A","0","false","-1","N/A","0","false","0","true","0","false",,"12923945497.331","12923945497.331","4","false","true",
"C","A","20240101","2024","52","2024","222","SLV","El Salvador","M","Import","0","W00","World","0","W00","World","H6","HS","true","TOTAL","All Commodities","0","false","C00","TOTAL CPC","0","0","TOTAL MOT","-1","N/A","0","false","-1","N/A","0","false","0","true","0","false","13580891907.45",,"13580891907.45","4","false","true",
"C","A","20240101","2024","52","2024","222","SLV","El Salvador","X","Export","0","W00","World","0","W00","World","H6","HS","true","TOTAL","All Commodities","0","false","C00","TOTAL CPC","0","0","TOTAL MOT","-1","N/A","0","false","-1","N/A","0","false","0","true","0","false",,"6447560868.65","6447560868.65","4","false","true",
"C","A","20240101","2024","52","2024","233","EST","Estonia","M","Import","0","W00","World","0","W00","World","H6","HS","true","TOTAL","All Commodities","0","false","C00","TOTAL CPC","0","0","TOTAL MOT","-1","N/A","0","false","-1","N/A","0","false",,"false","0","false","22671636104.72",,"22671636104.72","0","false","true",
"C","A","20240101","2024","52","2024","233","EST","Estonia","X","Export","0","W00","World","0","W00","World","H6","HS","true","TOTAL","All Commodities","0","false","C00","TOTAL CPC","0","0","TOTAL MOT","-1","N/A","0","false","-1","N/A","0","false","0","true","0","false",,"19773052159.12","19773052159.12","4","false","true",
"C","A","20240101","2024","52","2024","246","FIN","Finland","M","Import","0","W00","World","0","W00","World","H6","HS","true","TOTAL","All Commodities","0","false","C00","TOTAL CPC","0","0","TOTAL MOT","-1","N/A","0","false","-1","N/A","0","false","0","true","0","false","80413668151.791",,"80413668151.791","4","false","true",
"C","A","20240101","2024","52","2024","246","FIN","Finland","X","Export","0","W00","World","0","W00","World","H6","HS","true","TOTAL","All Commodities","0","false","C00","TOTAL CPC","0","0","TOTAL MOT","-1","N/A","0","false","-1","N/A","0","false","0","true","0","false",,"78154636530.643","78154636530.643","4","false","true",
"C","A","20240101","2024","52","2024","268","GEO","Georgia","M","Import","0","W00","World","0","W00","World","H5","HS","true","TOTAL","All Commodities","0","false","C00","TOTAL CPC","0","0","TOTAL MOT","-1","N/A","0","false","-1","N/A","0","false",,"false","0","false","16874848996.94",,"16874848996.94","0","false","true",
"C","A","20240101","2024","52","2024","268","GEO","Georgia","X","Export","0","W00","World","0","W00","World","H5","HS","true","TOTAL","All Commodities","0","false","C00","TOTAL CPC","0","0","TOTAL MOT","-1","N/A","0","false","-1","N/A","0","false",,"false","0","false",,"6560376870.41","6560376870.41","0","false","true",
"C","A","20240101","2024","52","2024","276","DEU","Germany","M","Import","0","W00","World","0","W00","World","H6","HS","true","TOTAL","All Commodities","0","false","C00","TOTAL CPC","0","0","TOTAL MOT","-1","N/A","0","false","-1","N/A","0","false",,"false","0","false","1433340423410.486",,"1433340423410.486","0","false","true",
"C","A","20240101","2024","52","2024","276","DEU","Germany","X","Export","0","W00","World","0","W00","World","H6","HS","true","TOTAL","All Commodities","0","false","C00","TOTAL CPC","0","0","TOTAL MOT","-1","N/A","0","false","-1","N/A","0","false",,"false","0","false",,"1691414706068.464","1691414706068.464","0","false","true",
"C","A","20240101","2024","52","2024","300","GRC","Greece","M","Import","0","W00","World","0","W00","World","H6","HS","true","TOTAL","All Commodities","0","false","C00","TOTAL CPC","0","0","TOTAL MOT","-1","N/A","0","false","-1","N/A","0","false",,"false","0","false","89273160391.125",,"89273160391.125","0","false","true",
"C","A","20240101","2024","52","2024","300","GRC","Greece","X","Export","0","W00","World","0","W00","World","H6","HS","true","TOTAL","All Commodities","0","false","C00","TOTAL CPC","0","0","TOTAL MOT","-1","N/A","0","false","-1","N/A","0","false",,"false","0","false",,"53357148958.598","53357148958.598","0","false","true",
"C","A","20240101","2024","52","2024","328","GUY","Guyana","M","Import","0","W00","World","0","W00","World","H5","HS","true","TOTAL","All Commodities","0","false","C00","TOTAL CPC","0","0","TOTAL MOT","-1","N/A","0","false","-1","N/A","0","false","0","true","0","false","7210547886.585",,"7210547886.585","4","false","true",
"C","A","20240101","2024","52","2024","328","GUY","Guyana","X","Export","0","W00","World","0","W00","World","H5","HS","true","TOTAL","All Commodities","0","false","C00","TOTAL CPC","0","0","TOTAL MOT","-1","N/A","0","false","-1","N/A","0","false","0","true","0","false",,"22414583550.016","22414583550.016","4","false","true",
"C","A","20240101","2024","52","2024","348","HUN","Hungary","M","Import","0","W00","World","0","W00","World","H6","HS","true","TOTAL","All Commodities","0","false","C00","TOTAL CPC","0","0","TOTAL MOT","-1","N/A","0","false","-1","N/A","0","false","0","true","0","false","151630797084",,"151630797084","4","false","true",
"C","A","20240101","2024","52","2024","348","HUN","Hungary","X","Export","0","W00","World","0","W00","World","H6","HS","true","TOTAL","All Commodities","0","false","C00","TOTAL CPC","0","0","TOTAL MOT","-1","N/A","0","false","-1","N/A","0","false","0","true","0","false",,"167705354914","167705354914","4","false","true",
"C","A","20240101","2024","52","2024","352","ISL","Iceland","M","Import","0","W00","World","0","W00","World","H6","HS","true","TOTAL","All Commodities","0","false","C00","TOTAL CPC","0","0","TOTAL MOT","-1","N/A","0","false","-1","N/A","0","false","0","true","0","false","9835605882.407","9322993400.543","9835605882.407","4","false","true",
"C","A","20240101","2024","52","2024","352","ISL","Iceland","X","Export","0","W00","World","0","W00","World","H6","HS","true","TOTAL","All Commodities","0","false","C00","TOTAL CPC","0","0","TOTAL MOT","-1","N/A","0","false","-1","N/A","0","false","0","true","0","false",,"6947157920.392","6947157920.392","4","false","true",
"C","A","20240101","2024","52","2024","372","IRL","Ireland","M","Import","0","W00","World","0","W00","World","H6","HS","true","TOTAL","All Commodities","0","false","C00","TOTAL CPC","0","0","TOTAL MOT","-1","N/A","0","false","-1","N/A","0","false","0","true","0","false","144552206720.58",,"144552206720.58","4","false","true",
"C","A","20240101","2024","52","2024","372","IRL","Ireland","X","Export","0","W00","World","0","W00","World","H6","HS","true","TOTAL","All Commodities","0","false","C00","TOTAL CPC","0","0","TOTAL MOT","-1","N/A","0","false","-1","N/A","0","false","0","true","0","false",,"242218972339.621","242218972339.621","4","false","true",
"C","A","20240101","2024","52","2024","376","ISR","Israel","M","Import","0","W00","World","0","W00","World","H6","HS","true","TOTAL","All Commodities","0","false","C00","TOTAL CPC","0","0","TOTAL MOT","-1","N/A","0","false","-1","N/A","0","false",,"false","0","false","91537567000",,"91537567000","0","false","true",
"C","A","20240101","2024","52","2024","376","ISR","Israel","X","Export","0","W00","World","0","W00","World","H6","HS","true","TOTAL","All Commodities","0","false","C00","TOTAL CPC","0","0","TOTAL MOT","-1","N/A","0","false","-1","N/A","0","false","0","true","0","false",,"61702646000","61702646000","4","false","true",
"C","A","20240101","2024","52","2024","380","ITA","Italy","M","Import","0","W00","World","0","W00","World","H6","HS","true","TOTAL","All Commodities","0","false","C00","TOTAL CPC","0","0","TOTAL MOT","-1","N/A","0","false","-1","N/A","0","false","0","true","0","false","615599098676.069",,"615599098676.069","4","false","true",
"C","A","20240101","2024","52","2024","380","ITA","Italy","X","Export","0","W00","World","0","W00","World","H6","HS","true","TOTAL","All Commodities","0","false","C00","TOTAL CPC","0","0","TOTAL MOT","-1","N/A","0","false","-1","N/A","0","false","0","true","0","false",,"674873607711.398","674873607711.398","4","false","true",
"C","A","20240101","2024","52","2024","392","JPN","Japan","M","Import","0","W00","World","0","W00","World","H6","HS","true","TOTAL","All Commodities","0","false","C00","TOTAL CPC","0","0","TOTAL MOT","-1","N/A","0","false","-1","N/A","0","false","0","true","0","false","742671519685.984",,"742671519685.984","4","false","true",
"C","A","20240101","2024","52","2024","392","JPN","Japan","X","Export","0","W00","World","0","W00","World","H6","HS","true","TOTAL","All Commodities","0","false","C00","TOTAL CPC","0","0","TOTAL MOT","-1","N/A","0","false","-1","N/A","0","false","0","true","0","false",,"707390076243.881","707390076243.881","4","false","true",
"C","A","20240101","2024","52","2024","428","LVA","Latvia","M","Import","0","W00","World","0","W00","World","H6","HS","true","TOTAL","All Commodities","0","false","C00","TOTAL CPC","0","0","TOTAL MOT","-1","N/A","0","false","-1","N/A","0","false",,"false","0","false","23466752101.309",,"23466752101.309","0","false","true",
"C","A","20240101","2024","52","2024","428","LVA","Latvia","X","Export","0","W00","World","0","W00","World","H6","HS","true","TOTAL","All Commodities","0","false","C00","TOTAL CPC","0","0","TOTAL MOT","-1","N/A","0","false","-1","N/A","0","false",,"false","0","false",,"20220062958.265","20220062958.265","0","false","true",
"C","A","20240101","2024","52","2024","440","LTU","Lithuania","M","Import","0","W00","World","0","W00","World","H6","HS","true","TOTAL","All Commodities","0","false","C00","TOTAL CPC","0","0","TOTAL MOT","-1","N/A","0","false","-1","N/A","0","false",,"false","0","false","44757934350",,"44757934350","0","false","true",
"C","A","20240101","2024","52","2024","440","LTU","Lithuania","X","Export","0","W00","World","0","W00","World","H6","HS","true","TOTAL","All Commodities","0","false","C00","TOTAL CPC","0","0","TOTAL MOT","-1","N/A","0","false","-1","N/A","0","false","0","true","0","false",,"39720644371","39720644371","4","false","true",
"C","A","20240101","2024","52","2024","458","MYS","Malaysia","M","Import","0","W00","World","0","W00","World","H6","HS","true","TOTAL","All Commodities","0","false","C00","TOTAL CPC","0","0","TOTAL MOT","-1","N/A","0","false","-1","N/A","0","false",,"false","0","false","299513574446.564",,"299513574446.564","0","false","true",
"C","A","20240101","2024","52","2024","458","MYS","Malaysia","X","Export","0","W00","World","0","W00","World","H6","HS","true","TOTAL","All Commodities","0","false","C00","TOTAL CPC","0","0","TOTAL MOT","-1","N/A","0","false","-1","N/A","0","false",,"false","0","false",,"329454027092.391","329454027092.391","0","false","true",
"C","A","20240101","2024","52","2024","498","MDA","Rep. of Moldova","M","Import","0","W00","World","0","W00","World","H6","HS","true","TOTAL","All Commodities","0","false","C00","TOTAL CPC","0","0","TOTAL MOT","-1","N/A","0","false","-1","N/A","0","false","0","true","0","false","9065188186",,"9065188186","4","false","true",
"C","A","20240101","2024","52","2024","498","MDA","Rep. of Moldova","X","Export","0","W00","World","0","W00","World","H6","HS","true","TOTAL","All Commodities","0","false","C00","TOTAL CPC","0","0","TOTAL MOT","-1","N/A","0","false","-1","N/A","0","false","0","true","0","false",,"3555062064","3555062064","4","false","true",
"C","A","20240101","2024","52","2024","499","MNE","Montenegro","M","Import","0","W00","World","0","W00","World","H6","HS","true","TOTAL","All Commodities","0","false","C00","TOTAL CPC","0","0","TOTAL MOT","-1","N/A","0","false","-1","N/A","0","false",,"false","0","false","4398798289.734",,"4398798289.734","0","false","true",
"C","A","20240101","2024","52","2024","499","MNE","Montenegro","X","Export","0","W00","World","0","W00","World","H6","HS","true","TOTAL","All Commodities","0","false","C00","TOTAL CPC","0","0","TOTAL MOT","-1","N/A","0","false","-1","N/A","0","false",,"false","0","false",,"660692485.087","660692485.087","0","false","true",
"C","A","20240101","2024","52","2024","528","NLD","Netherlands","M","Import","0","W00","World","0","W00","World","H6","HS","true","TOTAL","All Commodities","0","false","C00","TOTAL CPC","0","0","TOTAL MOT","-1","N/A","0","false","-1","N/A","0","false","0","true","0","false","636885898477.688",,"636885898477.688","4","false","true",
"C","A","20240101","2024","52","2024","528","NLD","Netherlands","X","Export","0","W00","World","0","W00","World","H6","HS","true","TOTAL","All Commodities","0","false","C00","TOTAL CPC","0","0","TOTAL MOT","-1","N/A","0","false","-1","N/A","0","false","0","true","0","false",,"725520285972.52","725520285972.52","4","false","true",
"C","A","20240101","2024","52","2024","554","NZL","New Zealand","M","Import","0","W00","World","0","W00","World","H6","HS","true","TOTAL","All Commodities","0","false","C00","TOTAL CPC","0","0","TOTAL MOT","-1","N/A","0","false","-1","N/A","0","false",,"false","0","false","47592149624.403","45357843305.479","47592149624.403","0","false","true",
"C","A","20240101","2024","52","2024","554","NZL","New Zealand","X","Export","0","W00","World","0","W00","World","H6","HS","true","TOTAL","All Commodities","0","false","C00","TOTAL CPC","0","0","TOTAL MOT","-1","N/A","0","false","-1","N/A","0","false",,"false","0","false",,"42961184878.935","42961184878.935","0","false","true",
"C","A","20240101","2024","52","2024","579","NOR","Norway","M","Import","0","W00","World","0","W00","World","H6","HS","true","TOTAL","All Commodities","0","false","C00","TOTAL CPC","0","0","TOTAL MOT","-1","N/A","0","false","-1","N/A","0","false","0","true","0","false","98726989643.765",,"98726989643.765","4","false","true",
"C","A","20240101","2024","52","2024","579","NOR","Norway","X","Export","0","W00","World","0","W00","World","H6","HS","true","TOTAL","All Commodities","0","false","C00","TOTAL CPC","0","0","TOTAL MOT","-1","N/A","0","false","-1","N/A","0","false","0","true","0","false",,"168047733520.338","168047733520.338","4","false","true",
"C","A","20240101","2024","52","2024","591","PAN","Panama","M","Import","0","W00","World","0","W00","World","H6","HS","true","TOTAL","All Commodities","0","false","C00","TOTAL CPC","0","0","TOTAL MOT","-1","N/A","0","false","-1","N/A","0","false","0","true","0","false","13986979422",,"13986979422","4","false","true",
"C","A","20240101","2024","52","2024","591","PAN","Panama","X","Export","0","W00","World","0","W00","World","H6","HS","true","TOTAL","All Commodities","0","false","C00","TOTAL CPC","0","0","TOTAL MOT","-1","N/A","0","false","-1","N/A","0","false","0","true","0","false",,"1158357714","1158357714","4","false","true",
"C","A","20240101","2024","52","2024","600","PRY","Paraguay","M","Import","0","W00","World","0","W00","World","H6","HS","true","TOTAL","All Commodities","0","false","C00","TOTAL CPC","0","0","TOTAL MOT","-1","N/A","0","false","-1","N/A","0","false",,"false","0","false","17209646705.546","15932631517.484","17209646705.546","0","false","true",
"C","A","20240101","2024","52","2024","600","PRY","Paraguay","X","Export","0","W00","World","0","W00","World","H6","HS","true","TOTAL","All Commodities","0","false","C00","TOTAL CPC","0","0","TOTAL MOT","-1","N/A","0","false","-1","N/A","0","false","0","true","0","false",,"10879888802.499","10879888802.499","4","false","true",
"C","A","20240101","2024","52","2024","616","POL","Poland","M","Import","0","W00","World","0","W00","World","H6","HS","true","TOTAL","All Commodities","0","false","C00","TOTAL CPC","0","0","TOTAL MOT","-1","N/A","0","false","-1","N/A","0","false","0","true","0","false","379496069834",,"379496069834","4","false","true",
"C","A","20240101","2024","52","2024","616","POL","Poland","X","Export","0","W00","World","0","W00","World","H6","HS","true","TOTAL","All Commodities","0","false","C00","TOTAL CPC","0","0","TOTAL MOT","-1","N/A","0","false","-1","N/A","0","false","0","true","0","false",,"380333187161","380333187161","4","false","true",
"C","A","20240101","2024","52","2024","620","PRT","Portugal","M","Import","0","W00","World","0","W00","World","H6","HS","true","TOTAL","All Commodities","0","false","C00","TOTAL CPC","0","0","TOTAL MOT","-1","N/A","0","false","-1","N/A","0","false",,"false","0","false","115997231713.458",,"115997231713.458","0","false","true",
"C","A","20240101","2024","52","2024","620","PRT","Portugal","X","Export","0","W00","World","0","W00","World","H6","HS","true","TOTAL","All Commodities","0","false","C00","TOTAL CPC","0","0","TOTAL MOT","-1","N/A","0","false","-1","N/A","0","false",,"false","0","false",,"85813703968.446","85813703968.446","0","false","true",
"C","A","20240101","2024","52","2024","710","ZAF","South Africa","M","Import","0","W00","World","0","W00","World","H6","HS","true","TOTAL","All Commodities","0","false","C00","TOTAL CPC","0","0","TOTAL MOT","-1","N/A","0","false","-1","N/A","0","false",,"false","0","false",,"101240165964.946","101240165964.946","0","false","true",
"C","A","20240101","2024","52","2024","710","ZAF","South Africa","X","Export","0","W00","World","0","W00","World","H6","HS","true","TOTAL","All Commodities","0","false","C00","TOTAL CPC","0","0","TOTAL MOT","-1","N/A","0","false","-1","N/A","0","false",,"false","0","false",,"110109356049.439","110109356049.439","0","false","true",
"C","A","20240101","2024","52","2024","724","ESP","Spain","M","Import","0","W00","World","0","W00","World","H6","HS","true","TOTAL","All Commodities","0","false","C00","TOTAL CPC","0","0","TOTAL MOT","-1","N/A","0","false","-1","N/A","0","false",,"false","0","false","451303134202.679",,"451303134202.679","0","false","true",
"C","A","20240101","2024","52","2024","724","ESP","Spain","X","Export","0","W00","World","0","W00","World","H6","HS","true","TOTAL","All Commodities","0","false","C00","TOTAL CPC","0","0","TOTAL MOT","-1","N/A","0","false","-1","N/A","0","false","0","true","0","false",,"403702939155.814","403702939155.814","4","false","true",
"C","A","20240101","2024","52","2024","740","SUR","Suriname","M","Import","0","W00","World","0","W00","World","H3","HS","true","TOTAL","All Commodities","0","false","C00","TOTAL CPC","0","0","TOTAL MOT","-1","N/A","0","false","-1","N/A","0","false","0","true","0","false","1750570364.012",,"1750570364.012","4","false","true",
"C","A","20240101","2024","52","2024","740","SUR","Suriname","X","Export","0","W00","World","0","W00","World","H3","HS","true","TOTAL","All Commodities","0","false","C00","TOTAL CPC","0","0","TOTAL MOT","-1","N/A","0","false","-1","N/A","0","false","0","true","0","false",,"1484158187.965","1484158187.965","4","false","true",
"C","A","20240101","2024","52","2024","752","SWE","Sweden","M","Import","0","W00","World","0","W00","World","H6","HS","true","TOTAL","All Commodities","0","false","C00","TOTAL CPC","0","0","TOTAL MOT","-1","N/A","0","false","-1","N/A","0","false",,"false","0","false","188975537852.165",,"188975537852.165","0","false","true",
"C","A","20240101","2024","52","2024","752","SWE","Sweden","X","Export","0","W00","World","0","W00","World","H6","HS","true","TOTAL","All Commodities","0","false","C00","TOTAL CPC","0","0","TOTAL MOT","-1","N/A","0","false","-1","N/A","0","false",,"false","0","false",,"195761854960.187","195761854960.187","0","false","true",
"C","A","20240101","2024","52","2024","757","CHE","Switzerland","M","Import","0","W00","World","0","W00","World","H6","HS","true","TOTAL","All Commodities","0","false","C00","TOTAL CPC","0","0","TOTAL MOT","-1","N/A","0","false","-1","N/A","0","false",,"false","0","false","368996874810.408",,"368996874810.408","0","false","true",
"C","A","20240101","2024","52","2024","757","CHE","Switzerland","X","Export","0","W00","World","0","W00","World","H6","HS","true","TOTAL","All Commodities","0","false","C00","TOTAL CPC","0","0","TOTAL MOT","-1","N/A","0","false","-1","N/A","0","false",,"false","0","false",,"446304800824.052","446304800824.052","0","false","true",
"C","A","20240101","2024","52","2024","764","THA","Thailand","M","Import","0","W00","World","0","W00","World","H6","HS","true","TOTAL","All Commodities","0","false","C00","TOTAL CPC","0","0","TOTAL MOT","-1","N/A","0","false","-1","N/A","0","false",,"false","0","false","307555410756.42",,"307555410756.42","0","false","true",
"C","A","20240101","2024","52","2024","764","THA","Thailand","X","Export","0","W00","World","0","W00","World","H6","HS","true","TOTAL","All Commodities","0","false","C00","TOTAL CPC","0","0","TOTAL MOT","-1","N/A","0","false","-1","N/A","0","false",,"false","0","false",,"300759403353.17","300759403353.17","0","false","true",
"C","A","20240101","2024","52","2024","768","TGO","Togo","M","Import","0","W00","World","0","W00","World","H6","HS","true","TOTAL","All Commodities","0","false","C00","TOTAL CPC","0","0","TOTAL MOT","-1","N/A","0","false","-1","N/A","0","false","0","true","0","false","3220872792.061",,"3220872792.061","4","false","true",
"C","A","20240101","2024","52","2024","768","TGO","Togo","X","Export","0","W00","World","0","W00","World","H6","HS","true","TOTAL","All Commodities","0","false","C00","TOTAL CPC","0","0","TOTAL MOT","-1","N/A","0","false","-1","N/A","0","false","0","true","0","false",,"1338313025.613","1338313025.613","4","false","true",
"C","A","20240101","2024","52","2024","780","TTO","Trinidad and Tobago","M","Import","0","W00","World","0","W00","World","H4","HS","true","TOTAL","All Commodities","0","false","C00","TOTAL CPC","0","0","TOTAL MOT","-1","N/A","0","false","-1","N/A","0","false","0","true","0","false","7669565887.964",,"7669565887.964","4","false","true",
"C","A","20240101","2024","52","2024","780","TTO","Trinidad and Tobago","X","Export","0","W00","World","0","W00","World","H4","HS","true","TOTAL","All Commodities","0","false","C00","TOTAL CPC","0","0","TOTAL MOT","-1","N/A","0","false","-1","N/A","0","false","0","true","0","false",,"7910705738.604","7910705738.604","4","false","true",
"C","A","20240101","2024","52","2024","792","TUR","Türkiye","M","Import","0","W00","World","0","W00","World","H6","HS","true","TOTAL","All Commodities","0","false","C00","TOTAL CPC","0","0","TOTAL MOT","-1","N/A","0","false","-1","N/A","0","false",,"false","0","false","344019959178","315123474395.749","344019959178","0","false","true",
"C","A","20240101","2024","52","2024","792","TUR","Türkiye","X","Export","0","W00","World","0","W00","World","H6","HS","true","TOTAL","All Commodities","0","false","C00","TOTAL CPC","0","0","TOTAL MOT","-1","N/A","0","false","-1","N/A","0","false",,"false","0","false",,"261854677473","261854677473","0","false","true",
"C","A","20240101","2024","52","2024","807","MKD","North Macedonia","M","Import","0","W00","World","0","W00","World","H6","HS","true","TOTAL","All Commodities","0","false","C00","TOTAL CPC","0","0","TOTAL MOT","-1","N/A","0","false","-1","N/A","0","false",,"false","0","false","11966612317.34",,"11966612317.34","0","false","true",
"C","A","20240101","2024","52","2024","807","MKD","North Macedonia","X","Export","0","W00","World","0","W00","World","H6","HS","true","TOTAL","All Commodities","0","false","C00","TOTAL CPC","0","0","TOTAL MOT","-1","N/A","0","false","-1","N/A","0","false",,"false","0","false",,"8423004910.85","8423004910.85","0","false","true",
"C","A","20240101","2024","52","2024","826","GBR","United Kingdom","M","Import","0","W00","World","0","W00","World","H6","HS","true","TOTAL","All Commodities","0","false","C00","TOTAL CPC","0","0","TOTAL MOT","-1","N/A","0","false","-1","N/A","0","false",,"false","0","false","815431342071.743",,"815431342071.743","0","false","true",
"C","A","20240101","2024","52","2024","826","GBR","United Kingdom","X","Export","0","W00","World","0","W00","World","H6","HS","true","TOTAL","All Commodities","0","false","C00","TOTAL CPC","0","0","TOTAL MOT","-1","N/A","0","false","-1","N/A","0","false",,"false","0","false",,"512782017359.88","512782017359.88","0","false","true",
"C","A","20240101","2024","52","2024","842","USA","USA","M","Import","0","W00","World","0","W00","World","H6","HS","true","TOTAL","All Commodities","0","false","C00","TOTAL CPC","0","0","TOTAL MOT","-1","N/A","0","false","-1","N/A","0","false","0","true","0","false","3356812501330","3264894421051","3356812501330","4","false","true",
"C","A","20240101","2024","52","2024","842","USA","USA","X","Export","0","W00","World","0","W00","World","H6","HS","true","TOTAL","All Commodities","0","false","C00","TOTAL CPC","0","0","TOTAL MOT","-1","N/A","0","false","-1","N/A","0","false","0","true","0","false",,"2063802611123","2063802611123","4","false","true",
"C","A","20240101","2024","52","2024","854","BFA","Burkina Faso","M","Import","0","W00","World","0","W00","World","H6","HS","true","TOTAL","All Commodities","0","false","C00","TOTAL CPC","0","0","TOTAL MOT","-1","N/A","0","false","-1","N/A","0","false","0","true","0","false","6428761846.688",,"6428761846.688","4","false","true",
"C","A","20240101","2024","52","2024","854","BFA","Burkina Faso","X","Export","0","W00","World","0","W00","World","H6","HS","true","TOTAL","All Commodities","0","false","C00","TOTAL CPC","0","0","TOTAL MOT","-1","N/A","0","false","-1","N/A","0","false","0","true","0","false",,"5642319696.589","5642319696.589","4","false","true",
"C","A","20240101","2024","52","2024","860","UZB","Uzbekistan","M","Import","0","W00","World","0","W00","World","H6","HS","true","TOTAL","All Commodities","0","false","C00","TOTAL CPC","0","0","TOTAL MOT","-1","N/A","0","false","-1","N/A","0","false",,"false","0","false","55524324833.77",,"55524324833.77","0","false","true",
"C","A","20240101","2024","52","2024","860","UZB","Uzbekistan","X","Export","0","W00","World","0","W00","World","H6","HS","true","TOTAL","All Commodities","0","false","C00","TOTAL CPC","0","0","TOTAL MOT","-1","N/A","0","false","-1","N/A","0","false",,"false","0","false",,"31856439478.45","31856439478.45","0","false","true",
